,nonglu_price,hommali_price,agri_prod_index,crops_prod_index,paddy_prod_index,nonglu_prod_index,hommali_prod_index,agri_price_index,crops_price_index,paddy_price_index,nonglu_price_index,hommali_price_index,agri_price_export,rice_price_export,rice_amount_export,cpi,cpi_rice,pol_rate,neer,reer,sirikit_water,bhumibol_water
2005-01-01 00:00:00,6423.0,7604.0,115.0970080068528,124.17638157351973,43.45590416446539,72.4417176359877,8.054434024246676,93.1734018578872,93.56910122055778,97.73298846980433,96.52840396753832,98.95672920507536,607.44,218.28,734528.7,73.6,-0.3,2,89.81,85.66,178.0,45.0
2005-02-01 00:00:00,6568.0,7736.0,111.37897128911072,119.21061038237055,40.277637338506445,75.05352748560674,0.0,95.45442114468844,94.1704031683086,99.38252616603002,98.70754433423504,100.67454722915086,559.87,183.68,615574.29,74.0,-0.2,2,90.58,86.68,131.0,32.0
2005-03-01 00:00:00,6568.0,7816.0,79.88597314563121,73.21619024058108,72.03941356016801,134.23856171712464,0.0,97.32524212041426,95.45050695667258,99.99213834568181,98.70754433423504,101.71564906192387,613.75,190.62,609936.02,74.8,0.2,2.25,90.02,86.7,115.0,46.0
2005-04-01 00:00:00,6556.0,7913.0,73.40198208597907,66.8128265931801,45.27344790847367,84.36274298836057,0.0,95.95706901674883,93.25776037050342,100.48253758269772,98.52720168319807,102.97798503416115,518.98,163.53,532848.53,75.3,0.2,2.25,88.61,85.58,115.0,77.0
2005-05-01 00:00:00,6471.0,7769.0,73.7726168002926,65.4172154417178,30.715298445184615,57.23502291631094,0.0,96.36837294353474,94.5832899640858,99.1248672121104,97.2497745716862,101.10400173516972,622.21,231.3,1092091.31,75.8,-0.2,2.25,88.07,85.4,110.0,69.0
2005-06-01 00:00:00,6614.0,7630.0,69.66998592728957,56.180483319474625,37.6363119409072,70.13167006231585,0.0,98.41033881575845,98.56153608871811,99.73667223259702,99.39885782987676,99.2950873007266,533.49,197.56,632758.44,76.0,0.0,2.5,86.76,84.41,451.0,240.0
2005-07-01 00:00:00,6718.0,7486.0,82.36789664181559,75.88928528419704,30.4485390318241,56.737942246101,0.0,100.94475532736114,101.8668176312188,100.07930888331799,100.96182747219717,97.42110400173517,585.03,150.37,466603.9,77.2,0.2,2.75,85.84,84.84,686.0,467.0
2005-08-01 00:00:00,6754.0,7618.0,87.51821631292866,82.45094376394135,44.920935843227745,83.70587044751146,0.0,101.46803134689253,100.85790386889254,101.23626417222789,101.50285542530808,99.13892202581064,704.58,195.49,644151.62,77.7,-0.1,2.75,86.22,85.68,1773.0,953.0
2005-09-01 00:00:00,6840.0,7816.0,82.04877931040636,73.0853357688518,43.330573275374405,80.59952035061804,0.0,104.21544537817866,104.41730944397594,102.34114305315805,102.79531109107305,101.71564906192387,668.32,204.68,650677.36,78.2,-0.1,3.25,86.71,86.49,1868.0,2659.0
2005-10-01 00:00:00,6900.0,7850.0,80.33878468587106,71.48162659178105,80.38297990745369,120.18962410308556,26.45945001207213,106.62007315686539,108.38896009550336,102.00025573460107,103.69702434625789,102.1581173408524,630.35,183.67,584685.72,78.5,-0.6,3.75,87.94,87.6,848.0,1232.0
2005-11-01 00:00:00,6692.0,7393.0,192.44357167386264,221.9564654301651,453.98983044557986,226.7121149742771,723.3152852209646,104.68516247235972,106.6596234686928,97.97754434365604,100.57108506161707,96.21082312113654,719.11,216.47,679995.18,77.9,-0.4,3.75,88.29,87.26,322.0,848.0
2005-12-01 00:00:00,6744.0,7579.0,152.0762141199598,170.12263561021962,277.52912813883495,138.59168507270033,442.17083074271653,105.37768641931066,108.2167877228703,99.9137538041178,101.35256988277727,98.63138488233379,665.01,193.34,579780.51,77.8,-0.3,4,87.97,86.94,206.0,309.0
2006-01-01 00:00:00,6696.0,7628.0,109.70389363916244,114.01164705806892,43.580671591608585,72.64970701973333,8.077559328612603,110.37765432828425,113.82177080558004,100.58111795238366,100.6311992786294,99.26905975490727,683.0,183.97,583404.07,78.0,0.2,4.25,89.9,88.19,173.0,147.0
2006-02-01 00:00:00,6633.0,7873.0,93.04940896141505,91.75508430825417,46.06222858629124,85.8325603906365,0.0,111.33722804443364,115.39043920338328,101.56314541233841,99.6844003606853,102.45743411777464,757.29,196.49,614377.71,78.1,-0.1,4.25,90.67,89.24,135.0,78.0
2006-03-01 00:00:00,6649.0,7960.0,92.80377996719574,87.82833978258779,74.51649947459379,138.8543745613608,0.0,112.49807482758838,117.87687640373592,103.06376401074144,99.9248572287346,103.58963236091529,772.41,179.52,542555.76,79.0,0.7,4.5,91.52,90.81,111.0,77.0
2006-04-01 00:00:00,6880.0,8028.0,75.4523692771586,67.6622861745418,66.21525952000964,123.38580732987727,0.0,115.5951591383035,121.87835648931483,104.90609720979174,103.39645326119626,104.47456891877236,652.2,178.22,557501.92,79.9,0.1,4.75,93.13,92.83,175.0,161.0
2006-05-01 00:00:00,6782.0,8069.0,77.36625951315396,68.99247619029721,35.78548387104688,66.68282885435374,0.0,113.40893659439462,119.72505827638568,104.68787539288975,101.92365494439434,105.00813360806853,765.1,217.33,647719.85,80.5,0.6,4.75,91.45,91.54,468.0,641.0
2006-06-01 00:00:00,6621.0,8160.0,86.06858392360184,76.38477111307242,38.081443257723976,70.96112972601546,0.0,115.68421247133622,124.1672434017775,105.70614347176637,99.50405770964834,106.19238694284785,743.65,171.54,496052.44,80.5,0.4,5,91.77,91.76,292.0,519.0
2006-07-01 00:00:00,6740.0,8353.0,85.24985033141516,75.42531676285752,35.308414881274636,65.79385638967122,0.0,110.0824016107162,117.36381786390551,110.15943851986447,101.29245566576495,108.70404511441274,959.6,272.17,831027.49,80.7,1.1,5,92.53,92.87,728.0,705.0
2006-08-01 00:00:00,6632.0,8612.0,97.30567730650613,89.31111023095201,40.9432982870807,76.29392304009349,0.0,105.71453103601323,111.62249374983256,112.9926694935177,99.66937180643221,112.07461229801538,874.9,170.59,461241.42,80.7,2.3,5,93.18,93.5,2357.0,1272.0
2006-09-01 00:00:00,6759.0,8642.0,94.2911984658642,84.72639783008258,46.55440188164526,86.59839967982934,0.0,103.0076506521112,108.11681357842433,115.41155564259753,101.57799819657349,112.46502548530528,860.99,223.9,606246.07,80.4,1.8,5,93.94,93.99,1536.0,2762.0
2006-10-01 00:00:00,6655.0,8685.0,97.65729297964592,90.3218095872231,84.9462912440325,127.16342354768804,27.8268335871471,103.86091402671218,109.96523315574878,114.38206493828909,100.01502855425308,113.02461772042078,857.85,248.61,687174.71,80.8,0.9,5,94.52,94.96,936.0,1634.0
2006-11-01 00:00:00,6380.0,8262.0,205.74290024360073,235.35726517520334,461.79468646830435,230.60968116919588,735.7503031037326,99.90950753032648,104.31172818099992,110.88190526768642,95.88217613465585,107.51979177963345,889.63,270.38,737277.16,80.7,1.8,5,95.6,95.78,273.0,440.0
2006-12-01 00:00:00,6400.0,7882.0,160.02738328869214,176.10660516928763,242.0699759708378,120.88419727432552,385.67584992141616,101.70213317501329,107.22910585381575,109.89807902780684,96.18274721971747,102.57455807396161,869.2,254.86,673992.3,80.7,0.4,5,96.63,96.55,220.0,269.0
2007-01-01 00:00:00,6500.0,8072.0,113.35798860636153,116.63907432824259,38.65742714563527,64.44257634634187,7.165049317884152,107.88799344850219,117.68617522620606,113.79908564059726,97.68560264502555,105.04717492679752,794.41,196.25,500929.43,80.4,-0.1,4.75,96.92,95.97,168.0,165.0
2007-02-01 00:00:00,6637.0,8274.0,93.97460487077218,90.88593570465757,31.521245622215744,58.73682844911521,0.0,111.58050019270576,123.3770950162274,116.79127966827342,99.74451457769764,107.67595705454939,832.39,220.06,604251.03,80.1,0.3,4.5,97.37,95.98,145.0,116.0
2007-03-01 00:00:00,6464.0,8388.0,95.7440434785579,88.73523296708265,58.89223056596017,109.74004280149971,0.0,109.65049985940766,119.37070045932131,115.63579821238885,97.14457469191464,109.15952716625095,878.13,218.64,580856.43,80.6,0.2,4.5,98.6,97.62,135.0,58.0
2007-04-01 00:00:00,6339.0,8526.0,91.29570641963744,87.01498949197027,83.51561750534603,155.62337088532263,0.0,109.80275096871318,119.47791514608743,114.44978725651664,95.26600541027955,110.9554278277844,788.53,237.68,651034.29,81.3,1.2,4,98.43,97.79,120.0,23.0
2007-05-01 00:00:00,6430.0,8643.0,88.64634305506151,81.73933772054104,46.29956541844153,86.27481489294092,0.0,110.61571389126112,121.0462993757094,117.56821094648383,96.6336038473099,112.47803925821495,860.09,287.17,767339.7,82.0,0.4,3.5,99.03,98.85,265.0,994.0
2007-06-01 00:00:00,6544.0,8778.0,82.06562313048413,69.22879453969858,35.019658395666056,65.2557862777843,0.0,110.61753070045937,122.04372162380112,122.5457093874159,98.34685903216112,114.23489860101941,867.35,266.58,736386.75,82.0,2.4,3.5,99.42,99.02,361.0,447.0
2007-07-01 00:00:00,6465.0,8864.0,86.5707435512934,74.53218997308664,36.377688171823564,67.78634496657976,0.0,108.41576130360632,117.5364615154272,122.84195935133582,97.15960324616772,115.3540830712504,870.6,242.09,650964.14,82.0,0.9,3.25,101.04,100.55,391.0,322.0
2007-08-01 00:00:00,6405.0,9016.0,102.35648252068736,95.67758599299918,44.13363228278437,82.23880551228096,0.0,109.38794194099373,118.05672650697679,123.20901395742091,96.25788999098287,117.33217655351913,954.26,251.84,637664.33,81.5,0.4,3.25,99.61,98.41,1092.0,652.0
2007-09-01 00:00:00,6369.0,9033.0,94.87346637884897,84.25641177430978,46.820406730124986,87.09349098588442,0.0,111.89542644234778,120.48870147800635,122.32296651450301,95.71686203787196,117.5534106929834,892.75,284.33,753864.79,82.0,0.9,3.25,98.52,97.82,1035.0,1347.0
2007-10-01 00:00:00,6346.0,9028.0,100.14890864255825,92.28145332223427,82.22345200563208,123.00397571318665,27.009437894272992,114.63473440748999,124.08862916938958,120.93464764836547,95.3712052900511,117.48834182843508,1091.81,424.72,1172462.83,82.7,0.2,3.25,97.47,97.02,896.0,1834.0
2007-11-01 00:00:00,6589.0,8927.0,208.50093802958517,239.28396192465078,448.0074192398874,223.72463594692272,713.7838614370718,117.74687467162157,127.74462980894192,118.66418386702539,99.02314397354975,116.17395076455915,1102.1,391.19,1015544.51,83.1,-0.4,3.25,96.77,96.18,278.0,482.0
2007-12-01 00:00:00,6837.0,9691.0,171.80733139915162,192.3513207657746,273.67926478759045,136.66915156161718,436.037069981525,116.16503723214623,125.77719292403943,116.85599890325739,102.7502254283138,126.11647326754148,1220.65,446.93,1121219.31,83.1,-1.5,3.25,97.86,97.2,195.0,225.0
2008-01-01 00:00:00,6955.0,10150.0,112.28667181831251,115.92857377101637,40.83690575298686,68.07580356605175,7.569009769005658,122.32097056438299,133.64891001874048,118.80414790762288,104.52359483017734,132.08979503307668,1254.59,435.19,1053055.97,83.9,-0.9,3.25,98.06,97.23,143.0,81.0
2008-02-01 00:00:00,7439.0,11906.0,96.3227764137959,95.04435639869995,30.795901147305965,57.385218347791614,0.0,126.69647981221682,137.42845711153146,128.03316807035267,111.79741508866849,154.94198026244442,1091.09,352.95,817924.84,84.4,0.3,3.25,99.17,98.51,148.0,55.0
2008-03-01 00:00:00,9497.0,12995.0,86.7287339440712,78.41280337872809,31.36143749116484,58.43904127119687,0.0,135.13106737428524,148.10160045436038,150.9364481661922,142.72617974150887,169.11397896106715,1339.36,533.36,1209092.5,84.9,1.4,3.25,100.51,100.04,111.0,5.0
2008-04-01 00:00:00,12936.0,16389.0,84.18936333604367,78.47995128872023,94.37115269872578,175.85162315741854,0.0,147.99983639877556,164.55108585680114,196.19147532703104,194.40937781785394,213.2827242164624,1274.55,563.83,1055873.82,86.3,17.4,3.25,99.94,100.54,140.0,30.0
2008-05-01 00:00:00,12366.0,17292.0,101.44081606575163,100.04336846609918,85.92659243675398,160.1159922315241,0.0,145.82009234439153,162.26844484410884,192.26246573614083,185.84310189359783,225.03416115388788,1371.68,655.73,873909.46,88.3,14.8,3.25,99.1,101.16,302.0,560.0
2008-06-01 00:00:00,12459.0,15570.0,86.33772863132845,75.83259990773381,60.93252888062876,113.54194370129305,0.0,146.3391092257214,164.675687146571,183.4688687259348,187.24075743913437,202.62444420344866,1541.53,805.01,982376.04,89.1,3.2,3.25,96.3,98.7,772.0,289.0
2008-07-01 00:00:00,12165.0,14307.0,88.85237432305144,79.30953254458618,54.967050637642465,102.42584516969622,0.0,148.14985090854185,166.65363770404247,174.6073736717026,182.8223624887286,186.18804901854463,1711.21,755.65,975646.31,89.5,-1.1,3.5,94.92,97.32,1503.0,249.0
2008-08-01 00:00:00,11475.0,13621.0,103.66199450827847,97.41935168816183,59.70165096492519,111.24832035141088,0.0,142.44634077056398,158.13586986881285,165.29105836261238,172.4526600541028,177.260600802516,1463.4,553.71,771924.63,86.9,-2.7,3.75,95.97,95.49,2095.0,709.0
2008-09-01 00:00:00,11857.0,13197.0,101.96477229684137,95.50029305433432,53.08533704746181,98.75005159762169,0.0,140.8644770421898,155.5747452297641,162.98674015851742,178.19356777877968,171.742761088819,1396.81,513.05,773790.28,87.0,-2.1,3.75,96.37,96.24,1137.0,1112.0
2008-10-01 00:00:00,10692.0,13424.0,104.20935248683767,98.91006969734289,74.98655753284388,112.29843284509144,24.52434252369357,122.19287604910717,130.81471666868163,154.0353880949039,160.68530207394048,174.69688753931243,1243.9,437.8,700479.26,85.9,-1.6,3.75,98.49,97.21,654.0,1589.0
2008-11-01 00:00:00,9843.0,12728.0,214.18496010469687,246.5485178880183,471.21807057553883,235.31550318963474,750.7640265533994,116.3355084384274,123.71821179132607,143.21238097367478,147.92605951307485,165.6393015941872,744.06,249.54,397369.12,84.9,-2.7,3.75,98.41,96.35,368.0,1064.0
2008-12-01 00:00:00,9618.0,12089.0,174.20491672381345,194.69065159133933,252.04189446242648,125.86394479281134,401.56352093128095,110.6362257670578,115.86801308663433,141.116136984505,144.54463480613165,157.3235007049127,775.97,348.38,604685.53,83.5,-0.7,2.75,96.45,93.41,225.0,223.0
2009-01-01 00:00:00,10005.0,12188.0,120.97423663961852,127.15982493548165,38.05358632501809,63.43596361867475,7.053129058846368,115.50518984343827,122.11694875177854,146.76961741688262,150.36068530207393,158.6118642229693,752.95,332.19,612139.73,83.5,-0.2,2,97.22,93.61,181.0,59.0
2009-02-01 00:00:00,10029.0,12755.0,105.06054990615128,106.44938984164894,33.813093033499825,63.007467047650366,0.0,119.87141324835802,126.85494793522714,151.91318292893763,150.7213706041479,165.99067346274808,880.83,381.62,689543.63,84.3,0.2,1.5,97.97,95.39,163.0,14.0
2009-03-01 00:00:00,10334.0,13182.0,93.62357737751475,89.47623720608628,46.88981353674969,87.37468584610671,0.0,120.16251606619895,126.71405182659755,153.86527561207322,155.30507965133754,171.54755449517404,895.71,426.3,747654.88,84.7,0.2,1.5,97.62,95.41,136.0,43.0
2009-04-01 00:00:00,9857.0,13175.0,86.93816551712527,80.3769072970793,94.8476627792213,176.7395541480839,0.0,122.98160215284712,130.51243813362774,149.34910607880042,148.13645927261797,171.45645808480643,766.03,379.86,671230.82,85.5,0.2,1.25,97.14,95.65,139.0,54.0
2009-05-01 00:00:00,9924.0,13133.0,94.08391548910113,87.3710318176075,71.34552769311938,132.94557172476925,0.0,120.6389050909652,127.41922407293893,149.50822922397145,149.1433724075744,170.90987962260056,815.31,405.9,735004.51,85.3,-0.1,1.25,97.07,95.19,205.0,395.0
2009-06-01 00:00:00,10037.0,13078.0,89.12079778160754,79.00496723237343,51.76701557377857,96.46288568421018,0.0,118.93692751052228,125.36902824280915,149.86173501877158,150.84159903817252,170.19412211256912,995.03,515.96,908504.89,85.6,0.1,1.25,97.5,95.99,329.0,688.0
2009-07-01 00:00:00,10158.0,13551.0,96.73367284253474,87.23104658382522,49.28613706068934,91.84000569485728,0.0,118.07690122969063,124.42086046852376,152.56819989928312,152.6600541027953,176.3496366988396,962.4,405.13,662873.15,85.6,0.0,1.25,97.32,95.87,1104.0,578.0
2009-08-01 00:00:00,9005.0,13372.0,113.40901745526648,107.00454379215915,57.68338964459586,107.48748328429576,0.0,119.92219180447688,127.00558372498114,142.41561335758175,135.3321310489931,174.02017134800997,1003.73,433.94,724009.05,85.9,0.6,1.25,96.89,95.66,763.0,664.0
2009-09-01 00:00:00,9318.0,14857.0,101.95265908476092,91.99103413101021,48.33748111040513,89.91774311580063,0.0,123.7239536285134,132.22516927329147,148.96919219558552,140.0360685302074,193.34562411885912,1040.97,448.54,756053.44,86.1,1.2,1.25,96.18,95.17,775.0,1452.0
2009-10-01 00:00:00,8460.0,15203.0,107.27931726057346,99.86293522657442,88.86220691618446,132.99952657319466,29.132831299198656,123.86657952363053,132.7067305735834,144.43395115233264,127.14156898106403,197.8483895456024,1115.06,449.26,731218.35,86.2,1.0,1.25,95.97,94.97,466.0,1970.0
2009-11-01 00:00:00,8948.0,13502.0,213.64404545006948,244.3052417063,484.29618240481005,241.8464124608273,771.600612647534,128.87386359649665,139.65770290549594,146.42809841960403,134.47550345656748,175.71196182626613,1186.32,401.92,661116.77,86.5,0.7,1.25,95.84,94.8,216.0,376.0
2009-12-01 00:00:00,9825.0,14155.0,169.13284205775713,187.52660222174518,243.3256330915335,121.51124365824131,387.6764145320911,138.7742591724568,152.4982952118893,163.55700302758316,147.65554553651938,184.20995553627588,1390.89,465.71,720521.43,86.4,3.9,1.25,96.64,95.41,143.0,95.0
2010-01-01 00:00:00,9326.0,14106.0,114.84900408930186,117.05647118607622,31.430695008454357,52.395493240413394,5.825594108540611,141.71721503688076,156.12365632648084,161.3650306401806,140.15629696423204,183.5722806637024,1339.41,449.66,717931.03,86.92,2.6,1.25,97.4,95.96,138.0,51.0
2010-02-01 00:00:00,9400.0,14337.0,103.53063442264212,102.40640599004358,20.038694064537843,37.34019111172188,0.0,144.80501754413248,158.74085261404807,162.87788070600584,141.26840997896002,186.5784622058345,1245.66,391.26,623834.0,87.4,1.2,1.25,98.01,97.0,97.0,3.0
2010-03-01 00:00:00,8692.0,13948.0,90.24394571060998,80.3102214444959,42.7773590786394,79.71152002753955,0.0,146.75862074775546,161.22681203156873,151.65319908067946,130.62819356777877,181.5161045439757,1391.66,478.09,782466.7,87.6,1.08,1.25,99.54,98.59,84.0,3.0
2010-04-01 00:00:00,7891.0,13607.0,84.70014321723747,77.15634593763166,94.95082146286744,176.93178049525875,0.0,150.28081742083523,167.08079978517256,144.72448821818182,118.59032161106101,177.07840798178069,1072.52,343.34,560542.29,88.04,0.13,1.25,100.22,99.45,70.0,0.0
2010-05-01 00:00:00,7808.0,13178.0,101.31621143342011,97.7823692466492,85.45096064226473,159.2296978428858,0.0,147.26252134672436,162.56538015542034,144.97813303820502,117.34295160805532,171.4954994035354,1175.65,359.12,643465.05,88.21,0.66,1.25,101.54,100.76,115.0,16.0
2010-06-01 00:00:00,7956.0,12803.0,100.50642021171974,91.0001857922672,59.425469938042816,110.73368340491099,0.0,152.1615492542087,167.73071972819034,146.92873859799786,119.56717763751126,166.61533456241187,1295.71,407.5,721388.95,88.44,0.16,1.25,101.79,101.36,155.0,34.0
2010-07-01 00:00:00,8189.0,13125.0,97.85034543537593,90.2644152272555,46.8602312671747,87.31956211419629,0.0,154.39636244769457,170.1431063053463,155.6250398618772,123.06883077847911,170.80576943932326,1130.6,303.6,530883.51,88.57,0.96,1.5,100.37,100.07,635.0,157.0
2010-08-01 00:00:00,8220.0,13528.0,105.55350246600783,97.03996493091095,45.99356258943699,85.70460786852321,0.0,155.03201536568739,171.46179049756958,162.10476042434868,123.53471596032462,176.05031992191735,1227.51,353.39,625944.3,88.79,1.81,1.75,101.12,100.94,2288.0,1124.0
2010-09-01 00:00:00,8492.0,13895.0,104.84421133670705,94.53641751658434,54.00359122293826,100.45799310701058,0.0,156.02742196255699,173.42163596254076,166.10070714084165,127.62248271716261,180.82637457976358,1379.48,476.61,867251.93,88.72,0.75,1.75,103.13,102.73,1761.0,1509.0
2010-10-01 00:00:00,8184.0,14070.0,99.43821751994903,89.64846334325723,68.86668528341079,103.15460551409544,22.50390750243388,157.96474476993734,175.89975878587154,164.8638039991964,122.9936880072137,183.10378483895454,1369.63,479.78,829127.09,88.74,0.25,1.75,103.67,102.77,513.0,2067.0
2010-11-01 00:00:00,8229.0,13184.0,228.56927714669152,261.93364235161187,531.2887039773626,265.3134005720617,846.4710323464566,162.01233456550747,182.2470619732839,160.94640237337768,123.66997294860235,171.57358204099336,1591.01,615.54,915025.79,88.93,0.3,1.75,104.26,103.17,207.0,427.0
2010-12-01 00:00:00,8415.0,12837.0,172.48161850353043,194.695278430056,306.96350840829916,153.29053988470758,489.06689698061854,168.66756751051713,190.73942494684007,156.9295363740382,126.46528403967538,167.0578028413404,1810.82,683.4,1121769.64,89.07,0.56,2,104.2,102.97,191.0,126.0
2011-01-01 00:00:00,8543.0,12511.0,121.12229377369113,124.1118821952583,42.77024209444208,71.2987075197478,7.927348418455804,182.33871973675997,208.6497836059727,156.0661108444474,128.38893898406974,162.81531287279034,1821.7,519.2,855522.66,89.56,-0.12,2.25,101.73,100.28,122.0,23.0
2011-02-01 00:00:00,8903.0,12304.0,103.54620182358032,103.01087486775049,29.17977505157711,54.37372183605282,0.0,194.03678887630068,222.808043569776,159.51952454741505,133.79921851517886,160.12146188049016,1938.73,484.61,830689.92,89.92,-0.25,2.25,100.78,99.52,105.0,5.0
2011-03-01 00:00:00,8384.0,11821.0,106.59065642541059,102.88862914890002,77.01250846024567,143.50544874017936,0.0,175.68005281819447,196.87138484296398,156.04392719872655,125.99939885782989,153.83580956512304,2364.84,663.98,1178085.88,90.36,-0.06,2.5,101.21,100.0,122.0,157.0
2011-04-01 00:00:00,8026.0,12113.0,109.0502020153077,109.72678135268332,133.55173097121204,248.8608859292616,0.0,185.50511898117642,208.34174653928778,154.56076556161102,120.61917643522693,157.63583125474457,1615.66,502.57,892677.0,91.6,-0.03,2.75,101.23,100.99,135.0,245.0
2011-05-01 00:00:00,7982.0,12202.0,109.08576542679,104.09941537929764,82.92948136243088,154.53116220528338,0.0,177.21851472621924,195.9675745227592,154.17407363348283,119.95792004809137,158.79405704370456,2052.19,714.54,1303447.56,91.91,0.07,2.75,100.11,99.89,526.0,1018.0
2011-06-01 00:00:00,8591.0,12287.0,97.49825277656734,85.85511095633684,47.13948629507904,87.83992716779079,0.0,174.39191711133827,192.75256513029797,160.23170911806156,129.11030958821763,159.9002277410259,1848.56,613.74,1098049.03,92.03,-0.07,3,99.02,98.8,1238.0,929.0
2011-07-01 00:00:00,8993.0,12471.0,98.49528972627152,89.16400618096712,36.58196951246495,68.16700371986684,0.0,167.35677513357857,183.41781585740182,165.97085456993767,135.15178839795612,162.29476195640385,1899.1,563.44,968243.04,92.2,0.32,3.25,99.89,99.68,1946.0,961.0
2011-08-01 00:00:00,9523.0,12942.0,114.13918078366308,106.30017412606749,64.64660079071083,120.46276171859938,0.0,168.94314646785753,184.81241774957837,171.62063789706818,143.11692215208896,168.42424899685497,2067.74,590.26,1012703.72,92.6,0.16,3.5,100.09,100.25,3096.0,2646.0
2011-09-01 00:00:00,9949.0,13275.0,119.20574737604015,112.63040903339257,102.45759385610252,190.5887988943022,0.0,170.17726944440224,187.0144051465486,173.24703761712735,149.51908626390141,172.75783537577266,1821.46,447.23,696180.46,92.28,-0.01,3.5,100.15,99.83,2321.0,2877.0
2011-10-01 00:00:00,10217.415795651685,14265.189714696204,104.20216947625282,94.52961923371261,50.65116119964156,75.90352123042359,16.521369349208097,162.27297177761537,178.25673372070682,177.23864728313686,153.55298761123663,185.6439394603128,1950.81,457.14,718110.56,92.46,0.57,3.5,99.44,99.02,1031.0,2813.0
2011-11-01 00:00:00,10305.0,15219.0,297.46556729545455,354.87905460106225,728.8756838737715,363.983809245598,1161.274741890897,155.01644135801172,168.93555212717263,177.41841027240505,154.8692515779982,198.056609912157,1691.93,485.33,661438.35,92.66,0.52,3.25,99.65,99.32,365.0,670.0
2011-12-01 00:00:00,10322.0,15004.0,143.40462325504188,150.4078086318222,83.16830933881513,41.532347300669095,132.50717385388998,156.1528139212172,169.87665210285678,177.79325997693022,155.12473700030057,195.25864873657952,1664.1,390.25,496400.81,92.22,0.61,3.25,99.57,98.65,249.0,395.0
2012-01-01 00:00:00,9641.0,15201.0,123.63977687517358,127.3908319825628,20.95741543325225,34.936361361851496,3.884400133224934,157.34418117289306,172.2653404482333,172.0937588118071,144.8902915539525,197.82236199978306,1419.26,313.04,440334.28,92.58,0.3,3,92.55,91.4,216.0,285.0
2012-02-01 00:00:00,9645.0,15024.0,121.42260575416253,123.77786201647056,35.036026453055726,65.28628658828804,0.0,160.6262155789063,177.90063776656328,170.70314475561977,144.95040577096484,195.51892419477275,1639.17,400.24,608880.64,92.92,0.35,3,94.25,93.54,143.0,75.0
2012-03-01 00:00:00,9921.0,14770.0,121.41505165135274,121.42201565465814,105.8684754301456,197.27578516526648,0.0,158.90839492400715,178.22674736508037,171.26832496168308,149.09828674481517,192.21342587571843,1440.13,308.76,436070.49,93.47,-0.25,3,95.29,94.7,120.0,5.0
2012-04-01 00:00:00,10000.0,14752.0,113.92862049556732,111.96544105949147,151.62589885016808,282.5403702615221,0.0,159.79436319666604,178.63184934868917,172.45523499602447,150.28554253080853,191.97917796334448,1382.68,341.96,510716.46,93.86,0.24,3,101.98,101.49,147.0,54.0
2012-05-01 00:00:00,10242.0,14628.0,113.64808635141937,106.04537016221197,93.79671372853056,174.7812110407393,0.0,157.614402014159,174.68377012215058,173.6236255298327,153.9224526600541,190.3654701225463,1573.25,506.92,783856.39,94.23,-0.22,3,101.4,101.24,448.0,345.0
2012-06-01 00:00:00,10467.0,14616.0,96.75128429890945,83.90744169688557,50.29496830517005,93.71986629590563,0.0,153.30569680417224,169.16084263595593,175.96757762290508,157.3038773669973,190.20930484763036,1182.81,305.0,425068.17,94.39,0.02,3,101.28,101.36,273.0,298.0
2012-07-01 00:00:00,10326.0,14832.0,98.89553229175284,88.40948337942575,46.40476012873859,86.47083518117844,0.0,153.05740292051985,169.58963920086518,175.6030020707209,155.1848512173129,193.0202797961175,1403.25,401.18,593755.91,94.71,0.05,3,101.12,101.63,628.0,336.0
2012-08-01 00:00:00,9914.0,15369.0,111.74974144701237,108.39129864812105,80.03760492049601,149.1424268582814,0.0,148.33211971817084,161.81811979906553,173.41843656104587,148.99308686504358,200.0086758486064,1405.57,360.32,518501.27,95.09,-0.13,3,101.4,102.04,1291.0,674.0
2012-09-01 00:00:00,10584.0,15538.0,125.74931333071974,128.33974818895618,129.009401839098,239.9772504834508,0.0,149.94677174457112,164.06347050968395,180.36077068604837,159.06221821460775,202.20800347033938,1210.01,290.82,393907.63,95.4,0.08,3,101.93,102.63,1212.0,1518.0
2012-10-01 00:00:00,10123.0,15813.0,109.53569188950883,103.42413713835445,64.9112035311157,97.3352919052426,21.11698668331247,150.95849178934208,166.46437702945084,175.05754279351913,152.13405470393747,205.78679102049665,1600.79,590.55,871214.6,95.53,0.07,2.75,102.67,103.25,454.0,764.0
2012-11-01 00:00:00,10160.0,15302.0,294.10686295755744,354.5797876258554,709.8240232486343,354.4698466313744,1130.9208519690037,148.11714058135672,161.46338810203414,172.13369901777963,152.69011121130146,199.136753063659,1481.37,466.96,663728.47,95.19,0.16,2.75,103.08,103.24,300.0,331.0
2012-12-01 00:00:00,10221.0,15386.0,140.72661523260922,147.84839519329444,94.80782439500831,47.344854318887016,151.0517283529214,146.68388786733334,158.8241881448833,173.3622677004478,153.6068530207394,200.22990998807066,1451.68,341.79,475499.75,95.56,-0.08,2.75,103.41,103.69,211.0,119.0
2013-01-01 00:00:00,10526.0,15702.0,133.94720175663613,138.16496058349423,26.863871907455046,44.782522898707285,4.979145827814632,150.85262626385997,163.07991923467023,178.73886055366762,158.19056206792905,204.3422622275241,1609.9,410.9,580482.5,95.71,0.1,2.75,106.14,105.85,123.0,28.0
2013-02-01 00:00:00,10559.0,16070.0,127.12203985808941,132.64368746593593,49.06991901478085,91.43710403220284,0.0,152.7768831651112,164.61960423737267,181.2001644816523,158.68650435828073,209.13133065827995,1450.24,318.8,425609.34,95.92,0.15,2.75,107.97,107.66,110.0,38.0
2013-03-01 00:00:00,10158.0,15862.0,128.55576703663985,135.24295635040986,118.73524565580446,221.25178168826127,0.0,150.60120596094868,161.05754009182436,176.45869110105264,152.6600541027953,206.4244658930701,1551.45,379.0,530252.57,95.98,0.05,2.75,110.07,109.78,92.0,57.0
2013-04-01 00:00:00,9753.0,15643.0,94.44236602132708,88.03053677156845,116.49242257250702,217.07249523923494,0.0,152.38145824564415,161.35409267300392,172.1368052722207,146.57348963029756,203.574449625854,1280.51,313.02,444753.4,96.13,0.33,2.75,112.0,111.75,78.0,9.0
2013-05-01 00:00:00,9799.0,15809.0,94.54235049370006,89.73397347873066,65.5487602075203,122.14384956436473,0.0,157.35051109172377,167.30830428196649,174.20903527363677,147.2648031259393,205.734735928858,1309.94,375.49,526855.55,96.37,0.21,2.5,110.25,110.11,134.0,10.0
2013-06-01 00:00:00,9897.0,15870.0,98.83122049979777,95.11447537179411,49.04173401839766,91.38458398533541,0.0,154.3799035610615,162.03715752188208,174.89172997253988,148.7376014427412,206.52857607634743,1146.41,304.7,427057.78,96.51,0.09,2.5,106.87,106.63,160.0,46.0
2013-07-01 00:00:00,9578.0,15576.0,90.93240453315228,84.53301176961162,32.61339427101902,60.771943069727776,0.0,150.19810889150645,156.19190161533183,171.1518660788378,143.94349263600841,202.7025268409066,1395.96,436.0,675063.68,96.61,0.12,2.5,106.77,106.37,598.0,155.0
2013-08-01 00:00:00,9329.0,15675.0,106.9266229304693,105.30153030688525,48.51819571447521,90.40902039522271,0.0,150.25681932006307,154.8657022465211,169.61404245887638,140.2013826269913,203.9908903589632,1283.78,361.32,521954.32,96.6,0.07,2.5,105.2,104.7,1404.0,786.0
2013-09-01 00:00:00,8480.0,15776.0,117.63801046789155,118.55586958497409,98.39304740648073,183.02723080027906,0.0,151.8855548651958,155.77461212463817,162.38040531882532,127.44214006612565,205.3052814228391,1286.9,316.46,501637.15,96.76,0.24,2.5,105.03,104.39,1060.0,1276.0
2013-10-01 00:00:00,8280.0,15708.0,129.68746509741035,136.23507651794932,139.7505600262723,209.38491563310257,45.618544520645024,149.19251575813303,151.08440880551814,159.15348780315983,124.43642921550946,204.42034486498207,1524.81,441.35,762193.56,96.92,0.23,2.5,105.56,104.87,429.0,1137.0
2013-11-01 00:00:00,8126.0,14984.0,291.0011310874703,355.6010520260705,682.8917695846865,341.02049649244157,1088.0112768327892,146.97526816673357,147.840804071189,154.40665950714313,122.12203186053502,194.99837327838625,1413.26,347.11,519701.01,97.02,0.34,2.25,104.98,104.19,198.0,516.0
2013-12-01 00:00:00,8134.0,14313.0,143.27156669076018,155.58093970454445,80.49950438335057,40.19960728022996,128.25512394416768,150.62423608046487,152.3438902967987,152.71962929152627,122.24226029455967,186.26613165600256,1797.76,414.41,691991.53,97.16,0.01,2.25,103.42,102.64,151.0,224.0
2014-01-01 00:00:00,7914.0,14252.0,130.59172516037853,141.0371567208047,25.300008398074205,42.1755363235567,4.68928796611733,148.73909448456803,149.97819785815864,147.27977649998496,118.93597835888187,185.47229150851314,1524.28,383.29,696557.74,97.56,0.04,2.25,102.13,101.09,119.0,67.0
2014-02-01 00:00:00,7827.0,14223.0,127.59176064283102,133.3393728829663,60.08689914495048,111.96619351326748,0.0,148.917004011606,149.61952677163632,149.25736899633327,117.62849413886383,185.09489209413294,1501.87,375.0,709833.01,97.8,0.09,2.25,102.79,102.02,98.0,39.0
2014-03-01 00:00:00,7482.0,14186.0,117.40994871479009,120.9091416401842,103.82925501193922,193.47589282250632,0.0,147.21986445557314,147.9563678421477,146.31183090197683,112.44364292155093,184.6133824964754,1445.89,403.16,799534.29,98.0,0.23,2,103.34,102.55,86.0,14.0
2014-04-01 00:00:00,6982.0,13902.0,95.64814309479263,92.12555125092827,110.6898264615936,206.25991199265107,0.0,145.93543247623506,146.45190813936324,140.35949672433526,104.92936579501051,180.9174709901312,1194.38,364.11,737647.96,98.49,0.11,2,103.26,102.52,88.0,35.0
2014-05-01 00:00:00,7034.0,13846.0,105.00379866171289,99.77066694045973,68.03770298303078,126.7817565359658,0.0,143.49690965423463,143.45562757353042,140.63096964042933,105.71085061617073,180.1886997071901,1308.38,430.87,881211.7,98.89,0.26,2,102.25,101.61,182.0,63.0
2014-06-01 00:00:00,7337.0,13812.0,93.08157801603019,89.35691123941109,35.55633106759143,66.25582450730121,0.0,142.52801352644093,142.56476486895914,143.52948917664585,110.26450255485422,179.74623142826155,1320.7,411.47,854574.57,98.78,0.01,2,102.64,101.76,209.0,90.0
2014-07-01 00:00:00,7870.0,13886.0,99.12052455343449,89.90399214143461,32.39621809492187,60.36725602304385,0.0,139.97260016268578,139.16425995034157,148.88979845528462,118.27472197174632,180.7092506235766,1366.7,450.14,941691.3,98.7,-0.18,2,103.73,102.71,728.0,245.0
2014-08-01 00:00:00,8339.0,13992.0,115.0426377510112,116.89416953273002,48.100091653396994,89.6299234393549,0.0,138.89694017214848,136.90110895737112,153.75535301111324,125.32311391644123,182.08871055200083,1428.06,472.43,975022.66,98.62,0.12,2,104.57,103.54,1095.0,577.0
2014-09-01 00:00:00,8055.0,14094.0,120.00118460157022,124.0652394703609,111.30584720520831,207.04496320425721,0.0,135.87156484214876,133.5643027736147,151.9097676682771,121.05500450856626,183.41611538878644,1297.15,472.29,960043.34,98.45,0.15,2,105.52,104.1,1287.0,1050.0
2014-10-01 00:00:00,7980.0,14179.0,125.15250982668891,123.99977301630439,93.95447986054356,140.65641413345674,30.770725504324375,135.43768644582278,134.160035358047,147.5940348309754,119.92786293958521,184.52228608610775,1445.45,594.5,1214101.33,98.35,0.05,2,105.77,104.17,431.0,619.0
2014-11-01 00:00:00,7878.0,13367.0,254.11073069145522,299.9035032482615,556.8721639109242,278.08919403907566,887.2316537917013,134.922217661559,134.51059183915012,140.03986079855392,118.39495040577096,173.95510248346164,1182.39,389.34,721955.16,98.24,-0.04,2,106.89,105.1,262.0,361.0
2014-12-01 00:00:00,7862.0,11649.0,182.27210471786043,202.55595148939202,192.91022931639674,96.33494663430719,307.3525180136329,132.46387984590686,132.21583286398007,135.05313598634248,118.15449353772166,151.59744062466106,1667.09,692.11,1477171.18,97.74,0.07,2,108.53,106.02,127.0,89.0
2015-01-01 00:00:00,7895.0,12565.0,142.71963456482362,152.5546323997962,44.36176517740264,73.95180306576712,8.222332907128663,134.65029901674578,136.0662324541914,137.12834346767707,118.65043582807334,163.5180566099121,1175.59,333.43,608503.61,97.17,0.07,2,110.33,106.85,134.0,117.0
2015-02-01 00:00:00,7873.0,13103.0,132.4306336468825,140.70673623604878,48.98324815479796,91.27560116853542,0.0,139.49725393940852,142.76418724049915,142.59329718674763,118.31980763450557,170.51946643531065,1209.18,369.3,732151.2,97.28,-0.2,2,111.71,108.26,94.0,23.0
2015-03-01 00:00:00,7723.0,13571.0,116.9259153560984,118.38643539506887,83.23129237186001,155.09355817457205,0.0,136.48291883182685,139.80765530472516,143.72793208891883,116.06552449654343,176.60991215703282,1317.34,399.41,785891.64,97.45,-0.09,1.75,112.84,109.21,92.0,24.0
2015-04-01 00:00:00,7607.0,13470.0,89.97600640928411,73.32032791362322,59.305943197007,110.51095674723237,0.0,134.91909449920993,137.88809773796044,141.43260870462194,114.32221220318606,175.29552109315688,1129.36,353.58,700010.95,97.47,-0.03,1.5,112.23,108.43,106.0,16.0
2015-05-01 00:00:00,7674.0,13341.0,87.15863608849372,76.66195194390744,27.523407487924366,51.28723919507554,0.0,134.76550245459498,136.81052739263214,141.4944636338311,115.32912533814246,173.61674438781037,1401.21,438.86,945597.07,97.63,-0.04,1.5,108.49,104.63,127.0,4.0
2015-06-01 00:00:00,7624.0,13134.0,86.36039044666363,73.59503321463188,10.948673432136125,20.4018064779624,0.0,136.16242548208237,137.93946605887638,140.62860483214502,114.57769762548843,170.92289339551021,1244.66,324.54,685767.92,97.73,-0.08,1.5,108.99,105.03,149.0,27.0
2015-07-01 00:00:00,8029.0,13098.0,83.08319461185201,71.16290373901079,5.518829886704144,10.283812009850548,0.0,132.98423203429329,133.16531279532572,144.94253160035382,120.66426209798617,170.45439757076232,1281.52,347.33,734947.39,97.66,0.0,1.5,108.11,104.07,353.0,170.0
2015-08-01 00:00:00,8121.0,13073.0,111.44439738122153,102.74289272656125,40.8024930714383,76.03154597876,0.0,133.01517629572746,133.156232355324,147.30045408910036,122.0468890892696,170.12905324802077,1287.8,325.72,696920.17,97.45,0.46,1.5,106.38,102.18,944.0,524.0
2015-09-01 00:00:00,7614.0,13282.0,104.69371595675628,96.13822805408628,56.21066487623081,104.56646854735139,0.0,132.23381768094785,131.61156985697278,144.05121282395748,114.42741208295762,172.84893178614027,1103.87,336.15,720553.81,97.4,0.0,1.5,105.29,101.04,812.0,447.0
2015-10-01 00:00:00,7676.0,13099.0,106.97009173501296,99.68536792004774,45.314263320556414,68.10514477548715,14.602446482243508,131.01166276357304,132.3840834993662,144.21788190952122,115.35918244664862,170.467411343672,1265.34,489.78,1203811.11,97.59,-0.17,1.5,105.4,101.2,619.0,330.0
2015-11-01 00:00:00,7698.0,12018.0,292.49086081724784,351.77779657618373,661.7710399015025,310.9813890692626,1273.6453424966746,127.46263169872007,128.22357969718132,139.24761089323093,115.68981064021641,156.3995228283266,1072.05,358.57,763417.9,97.28,-0.07,1.5,106.34,101.74,215.0,179.0
2015-12-01 00:00:00,7543.0,11518.0,172.20563925686696,185.08085978981202,151.62713233492624,75.71911429248716,241.57858858739547,126.99876094631973,127.39610811666249,135.92486040259706,113.36038473098887,149.89263637349524,1337.13,536.23,1218207.85,96.9,-0.01,1.5,106.04,100.98,171.0,55.0
2016-01-01 00:00:00,7663.0,10918.0,142.9489215137579,147.58437997552528,33.23239892037719,55.39896373678602,6.159535044043595,127.09055090207363,126.87071726025178,133.449669888167,115.16381124135857,142.0843726276976,1127.39,435.28,1030307.29,96.65,-0.07,1.5,106.54,100.84,118.0,23.0
2016-02-01 00:00:00,7900.0,10798.0,126.05074734918533,127.33528544202603,27.633512615438327,51.49240957646419,0.0,128.41405303625749,127.75061254360341,134.99041829070117,118.72557859933875,140.52271987853808,1053.45,370.95,836931.69,96.79,-0.23,1.5,106.95,101.22,83.0,21.0
2016-03-01 00:00:00,7773.0,10725.0,99.8428262519117,90.89053567890902,44.210721840880616,82.38245453565352,0.0,130.17237942856477,130.18668389559264,134.105723627599,116.81695220919747,139.5727144561327,1210.32,428.88,991380.71,97.0,0.05,1.5,106.48,100.87,67.0,7.0
2016-04-01 00:00:00,7727.0,10588.0,78.64148851537107,55.0939846854771,36.46519739572154,67.949410041273,0.0,137.5299114990627,140.07065441782837,134.19330456291618,116.12563871355574,137.78982756750892,1138.96,313.81,704952.25,97.53,-0.11,1.5,105.3,100.17,46.0,3.0
2016-05-01 00:00:00,8074.0,10901.0,82.99346104276995,66.72449413592024,19.750097267294034,36.802418563839865,0.0,142.4911431202451,145.64141249420481,140.0974352565425,121.34054703937481,141.86313848823332,1179.68,333.33,728895.72,98.08,-0.09,1.5,104.98,100.24,199.0,1.0
2016-06-01 00:00:00,8452.0,11062.0,88.77871906120143,70.07663825558743,7.223862479522773,13.46097728132557,0.0,140.47645331199118,142.54885031293375,144.36536999790502,127.02134054703937,143.95835592668902,1059.21,326.0,718879.6,98.11,-0.14,1.5,104.99,100.03,279.0,150.0
2016-07-01 00:00:00,8670.0,11130.0,86.86230027894587,68.35492836320803,1.7614025855850226,3.2822053652098955,0.0,144.51380345473424,148.25102220498883,146.5507235004954,130.297565374211,144.8432924845461,899.56,225.59,445102.3,97.77,0.11,1.5,105.63,100.3,799.0,369.0
2016-08-01 00:00:00,8735.0,11009.0,98.13381751573176,82.42190189452495,16.656574342736615,31.0379342696319,0.0,144.24594428108236,147.73194397957997,145.89403401616875,131.27442140066125,143.2686259624769,1141.34,302.3,629600.2,97.73,0.03,1.5,105.74,100.45,1919.0,498.0
2016-09-01 00:00:00,7999.0,10698.0,113.66845233652782,103.87157766906579,51.428669369716516,95.6477834837477,0.0,133.5817366785099,133.78452452900967,138.99188471207236,120.21340547039375,139.2213425875718,1167.05,355.69,787205.88,97.77,-0.12,1.5,106.07,100.66,1408.0,1342.0
2016-10-01 00:00:00,7486.667850266642,9516.591809668163,133.52106790661549,131.2312725255685,102.82709463950228,143.24455949887042,59.08618994925787,128.6935365197965,129.57903652874992,127.2244760543291,112.51379396252844,123.84676468497769,1134.11,370.68,851504.06,97.92,-0.07,1.5,105.99,100.46,630.0,866.0
2016-11-01 00:00:00,7057.027323574316,8293.737292656566,312.7321529757405,369.07868942088476,709.3927513408211,304.47604479381835,1358.7056256600317,131.40697905227339,133.52545378728027,114.62320275255641,106.05691799781059,107.93281369903347,1330.89,452.51,1011869.83,97.87,-0.41,1.5,107.14,101.31,242.0,491.0
2016-12-01 00:00:00,7272.192318195192,9181.789770455256,164.78823496876623,169.72147952079916,125.82356684249949,98.06020926259205,168.05529203316746,139.9384385227882,145.2659620448899,122.21297249839463,109.29053679283425,119.48972697696891,1467.39,494.63,1171238.37,97.99,-0.71,1.5,107.83,101.96,143.0,93.0
2017-01-01 00:00:00,7517.225849655482,9240.091815198164,136.62275773327127,136.31323945043715,19.28209625942634,29.961368648356622,4.448612721985898,144.49794735706402,151.9719051715329,123.60417580376934,112.97303651420924,120.24845654742212,1276.9,345.89,823901.7,98.15,-0.37,1.5,108.3,101.9,178.0,79.0
2017-02-01 00:00:00,7357.64481605888,9307.937267301568,133.0434093525131,132.37328174684063,36.372618066241884,67.77689730942372,0.0,144.85298626607957,152.11404270577228,122.73456079378259,110.57476429303998,121.13138185404922,1415.4,393.14,915036.34,98.19,-0.18,1.5,108.7,102.44,95.0,22.0
2017-03-01 00:00:00,7477.594813060129,9259.599768510005,132.7018354368879,130.46602371837977,85.97709388211481,160.21009684807836,0.0,144.5349945065614,152.10394033252862,122.91941187113373,112.37743933063014,120.50232862175471,1589.02,408.97,959715.52,97.74,-0.63,1.5,108.97,102.1,52.0,14.0
2017-04-01 00:00:00,7551.11481122213,9091.619772709504,97.91309253714152,83.75620306109258,82.22477660866856,153.21801225159498,0.0,141.42414713037638,148.37217254326575,122.013003698007,113.48233861169416,118.31627510304091,1354.15,384.46,938158.44,97.9,0.45,1.5,109.61,102.69,129.0,15.0
2017-05-01 00:00:00,7663.821846723563,9136.779817264403,98.52340851792843,83.88045556458593,42.60309915057615,79.38680330717644,0.0,136.64149862225668,140.51122225605172,122.85216660033781,115.17616240943136,118.90397766746861,1445.71,340.3,757799.34,98.04,-0.67,1.5,109.48,102.55,210.0,431.0
2017-06-01 00:00:00,8195.357295116066,9438.169764045753,94.53036631064661,76.53358368172587,10.984124249116691,20.467865687053454,0.0,131.6209215053068,133.64214214178907,127.76521604403787,123.16437173303375,122.82619799213643,1279.01,439.03,1039276.13,98.06,-0.07,1.5,110.3,103.3,209.0,389.0
2017-07-01 00:00:00,8084.357838312843,10094.851798102962,95.78344372006474,78.46000552963933,11.013746440782885,20.523063809965127,0.0,127.17139098904642,128.2116541677499,129.50912061315532,121.49621037440401,131.37210885721234,1401.89,448.5,987018.67,97.93,-0.61,1.5,110.89,103.75,1163.0,622.0
2017-08-01 00:00:00,7776.262305593443,10476.684738082882,121.88357093441317,114.58042755979798,66.57551647094728,124.05711172496474,0.0,127.89329318360475,128.74994053507558,128.43137101697226,116.86597994579866,136.34119602753992,1489.54,444.87,985942.35,98.04,-0.54,1.5,111.37,104.19,1102.0,792.0
2017-09-01 00:00:00,7631.969809200754,11341.582216460445,126.86264135051049,119.70838862423801,86.82260694998783,158.2960184545347,3.299438451915107,132.0700701780811,134.8981510105978,129.4532705683179,114.69747233544867,147.59677540128544,1317.86,388.28,863347.47,98.61,0.36,1.5,111.18,104.47,1167.0,1142.0
2017-10-01 00:00:00,7357.567852848641,11530.747769385045,131.05760094098923,126.558120132701,90.02741062948616,108.36779938890233,70.85941502731076,124.39957512782813,127.60475324100608,124.96051246814581,110.57360764725942,150.05853294937697,1268.63,363.42,754092.86,98.76,0.01,1.5,111.98,105.21,885.0,2373.0
2017-11-01 00:00:00,8028.139799296504,11039.81472400463,298.4257872030571,352.1788067453132,655.2476125746243,171.1294929557128,1499.5699471143726,124.06965535553331,127.3891749551306,128.44472143214585,120.65133452504514,143.66964178294708,1677.79,679.91,1493823.4,98.83,1.05,1.5,113.12,106.08,267.0,510.0
2017-12-01 00:00:00,8223.03479442413,12302.83438485828,165.98859894266943,172.96148178235438,97.28423336347821,128.7873103151509,41.19435698988959,123.76271917937842,127.38581083811916,136.22290013095827,123.58032453297459,160.10629282973574,1544.9,549.81,1156219.16,98.75,-0.59,1.5,113.47,106.06,208.0,202.0
2018-01-01 00:00:00,7804.0,13358.899666027508,149.3783925869974,154.6772846810901,24.04786467583695,41.15350113620067,3.731149615772008,125.47655745525198,130.52462055858516,138.04085288372303,117.28283739104299,173.84968657665118,1425.68,477.54,972058.63,98.82,0.18,1.5,114.14,106.07,178.0,130.0
2018-02-01 00:00:00,7609.417309764567,14474.962138125946,145.21004968456324,144.56737753312757,37.83951538508634,70.51032025856976,0.0,126.54596847418787,131.89219629184416,142.22148056339276,114.35854087412936,188.37387014153703,1358.58,472.93,953029.52,98.6,0.0,1.5,114.75,106.23,114.0,34.0
2018-03-01 00:00:00,7635.469847290602,15106.227697875445,149.25382796844428,151.70602566179966,93.46695725526541,174.16674137059053,0.0,131.80890909597,140.49464341301095,144.40257995895055,114.75007284776981,196.58901678180814,1325.02,448.8,882558.99,98.51,1.14,1.5,115.45,106.83,128.0,28.0
2018-04-01 00:00:00,7837.5897387470095,15235.576158814127,120.6668567608638,113.75521882903479,101.82883886637373,189.7483085329404,0.0,128.82517104555572,135.30321131900905,145.3560776073604,117.78764260214923,198.27232827867851,1586.37,457.33,907738.06,98.95,1.38,1.5,115.84,107.59,180.0,23.0
2018-05-01 00:00:00,8017.94479955138,15538.642111533945,109.09589508821401,95.00952988370224,52.486012436188446,97.80266761633841,0.0,131.24864021264318,138.30738389942474,147.91942026568708,120.49811841826542,202.21635976402482,1458.98,427.75,776336.33,99.5,0.12,1.5,115.37,107.4,265.0,290.0
2018-06-01 00:00:00,7978.6798404264,15886.987682260245,101.71286459061619,83.22071336946223,17.99759730804535,33.53680239190396,0.0,130.8133355324302,137.37140535310618,150.37904736680534,119.90802284981066,206.74964991554373,1376.99,474.43,927772.27,99.42,0.88,1.5,114.53,106.42,605.0,597.0
2018-07-01 00:00:00,7540.5648114858795,15990.774600230634,105.75386231880046,90.34792254211851,21.10664992607736,39.33022478558988,0.0,128.25277192071866,132.93383965618239,146.9088652571077,113.32378736828795,208.10030929700415,1330.75,427.29,838184.15,99.37,0.67,1.5,113.26,105.14,1639.0,657.0
2018-08-01 00:00:00,7492.593850148123,15349.607693007847,135.08458758089122,129.27682849261572,85.53399859194894,159.38443112544144,0.0,125.85794225779242,129.31456469573118,142.7103343754158,112.60285317325103,199.75630876921605,1557.99,498.49,1012065.77,99.63,0.14,1.5,115.15,106.98,1920.0,842.0
2018-09-01 00:00:00,7553.139811171503,15138.0,129.19596752036165,123.13752655683021,95.87779191294513,174.9317039767121,2.8375831319890907,126.29622536179365,130.3482444932733,142.2259146642622,113.51277143329581,197.00249430647426,1291.05,468.33,983838.33,99.92,0.66,1.5,117.28,109.11,1272.0,712.0
2018-10-01 00:00:00,7641.317308967067,14865.0,130.73265293899746,125.60083565290992,82.41126929766652,109.53915897838384,49.72838161285347,125.86556621535104,131.14424428188633,141.65681847477396,114.83795174281737,193.44973430213636,1366.69,470.71,938225.6,99.98,0.3,1.5,117.32,108.96,494.0,1311.0
2018-11-01 00:00:00,8004.431839911364,15279.952,297.6788474051614,348.8275173344694,634.7119462283491,172.4249021583064,1383.3606202656592,123.8759483844965,127.71935911146286,148.15844437283388,120.29503817119574,198.84982539854673,1367.39,527.53,1027814.07,99.76,-0.02,1.5,116.57,108.09,239.0,395.0
2018-12-01 00:00:00,8042.38639858712,15244.046158531795,171.83871367811886,179.99470586308402,100.5222214957781,155.07330358788556,25.927489663782765,123.3276845818151,126.55462899863474,150.30710636351364,120.86544031540609,198.38255493154918,1349.34,524.52,1012554.54,99.1,0.12,1.75,117.17,108.04,166.0,150.0
2019-01-01 00:00:00,7744.527306386817,15145.0,154.95510190863814,159.32321717700702,25.380230628888185,44.220081558346926,3.84041652575188,124.06522122793386,125.15477332256333,145.8414916427222,116.38904878850042,197.09359071684196,1337.23,471.29,951750.43,99.08,0.51,1.75,119.11,109.39,133.0,111.0
2019-02-01 00:00:00,7620.189809495254,15590.0625,145.98684589483014,144.10302675438504,39.5253055299493,73.65162906745256,0.0,126.84335332947971,127.27738552625699,147.50577123184817,114.52043597077329,202.8855330224487,1203.59,371.48,687572.14,99.32,0.38,1.75,121.02,111.26,85.0,34.0
2019-03-01 00:00:00,7609.555847808882,15720.795685584084,146.3260602305342,147.0608895494923,91.40637851827007,170.32704984217304,0.0,129.30741801432595,131.65841340827885,148.46834765387314,114.36062290064447,204.58686501139675,1403.32,408.19,769868.75,99.73,0.17,1.75,119.68,110.3,82.0,23.0
2019-04-01 00:00:00,7836.839738772008,15646.162811794573,116.92045595856551,104.69474166683901,88.07519938483281,164.1197159176508,0.0,129.43240997962,131.31960517015986,150.96339485812894,117.77637118683512,203.61560974030454,1651.88,364.78,702926.72,100.17,-0.09,1.75,119.41,110.19,74.0,33.0
2019-05-01 00:00:00,7833.667843326642,15725.947685481047,107.66280362204319,87.82632256665235,43.27977859632004,80.64773077800228,0.0,133.29666318972107,135.84037423355227,152.8738088903256,117.72870218404934,204.65391196808642,1363.62,359.45,667275.95,100.64,0.72,1.75,120.52,111.4,90.0,70.0
2019-06-01 00:00:00,7782.29480544263,15770.96710572582,101.10590136533702,83.51730639216895,17.10030838636159,31.864790248288504,0.0,138.80671200063676,143.1686906287864,153.83720719395993,116.95663969706388,205.23978447967662,1191.53,310.18,578158.62,100.28,1.21,1.75,122.61,112.83,135.0,18.0
2019-07-01 00:00:00,7693.852307653692,15508.097112297572,108.87065365878958,90.74291325971808,17.594464031165007,32.78560206149691,0.0,132.60771076482365,134.7899458852812,152.3847478490856,115.62747682076484,201.8188540804368,1373.9,311.55,549914.8,100.34,0.44,1.75,123.59,113.75,134.0,28.0
2019-08-01 00:00:00,7896.9918420601625,16034.967679300646,132.64166822392738,124.9046357685807,74.38635345730027,138.61185989735537,0.0,128.6821579334391,130.03457883732443,158.69252770584052,118.68037033453808,208.67542799220007,1421.78,275.77,448456.82,100.15,4.35,1.5,125.18,114.87,1817.0,894.0
2019-09-01 00:00:00,7827.129804321754,16562.477085938073,131.57455802183537,123.59317747907161,89.85997030049319,160.56236924506538,4.783858792622019,127.88517121321529,130.56823555523286,163.61760188004934,117.63044491015562,215.54031561789049,1037.54,318.28,578622.84,100.24,3.15,1.5,126.22,115.84,868.0,977.0
2019-10-01 00:00:00,7921.009801974755,16290.684592732885,137.6530145585057,127.94336404934505,86.39411406223412,106.85823469613149,62.97073642498913,127.27100750579758,130.9806998070108,164.7349057317655,119.04132554816283,212.00326983276713,1101.56,345.64,606918.29,100.09,0.26,1.5,126.85,115.83,252.0,415.0
2019-11-01 00:00:00,7880.953842380922,14322.163713556727,288.2690524293155,335.40582069438176,616.930233115245,168.52610465841346,1371.042950103959,126.80710350407446,130.25023962427412,155.02918571014362,118.4393423862477,186.38538614323897,1140.52,362.02,577692.4,99.96,0.22,1.25,126.92,115.48,130.0,167.0
2019-12-01 00:00:00,7705.209743159676,13529.172882360903,167.45584160725406,171.87763622547308,88.85997193511007,131.92696676599266,33.34765497115511,128.9896729524751,131.8505101414944,149.70211989204313,115.79816265644239,176.06558354661183,1161.4,308.79,464503.79,99.97,-0.18,1.25,126.74,115.14,74.0,45.0
2020-01-01 00:00:00,7755.603844887922,13756.613724867726,152.72595315087275,156.97045569111052,22.826730912560105,38.97283158237192,3.8187845994043,134.31677891181263,136.9016953997844,152.21088509568486,116.55551314830062,179.02544702137803,1146.54,312.62,550317.77,100.13,-0.04,1.25,125.14,113.21,67.0,22.0
2020-02-01 00:00:00,8165.849795853755,13914.012152149697,129.41396574064333,122.40519741090294,44.52690064939611,82.97162352528036,0.0,137.07943261951155,140.70526298886116,157.3649230552072,122.72091667949736,181.07379441036366,1130.24,272.66,400184.05,100.05,-0.42,1,123.02,111.31,40.0,13.0
2020-03-01 00:00:00,8654.982283625443,13949.442151263944,107.69156051168602,94.62387416179766,59.668196252504345,111.18598069238126,0.0,140.50308471239248,146.035993553922,161.72921228726184,130.07187080891862,181.53487237302602,1348.66,354.26,520501.17,99.19,0.24,0.75,121.71,109.42,58.0,13.0
2020-04-01 00:00:00,9453.007263674817,14471.439638214011,97.67573232971809,79.49828074074983,52.63264627714522,98.0759057638513,0.0,133.34310417320623,137.61864265043653,171.5598813249693,142.06503251690438,188.32802912760883,1679.22,449.09,643877.7,97.17,-0.48,0.75,120.88,106.81,67.0,21.0
2020-05-01 00:00:00,9318.525813629483,14871.367702572645,106.82442058830581,87.21530375745925,20.5296958641369,38.25512603583322,0.0,128.24053558975027,131.6019312775932,173.4876113097725,140.04397074886512,193.53260213737306,1721.27,345.67,463780.44,97.18,-0.49,0.5,122.56,108.31,90.0,36.0
2020-06-01 00:00:00,9051.699773707505,14868.187128295322,99.59618632294925,82.2548810653583,12.13344133251025,22.60950822142547,0.0,130.5712733123069,133.9844431756726,170.72245191082382,136.03396113176294,193.49121086600567,988.16,246.63,344083.21,98.7,0.46,0.5,124.21,111.35,273.0,28.0
2020-07-01 00:00:00,8910.075821798482,14630.029707399406,107.66887828711589,88.33264613745074,6.1779835344137215,11.512081831137023,0.0,133.6461678443268,136.0890157575926,168.9116841033897,133.90555788696247,190.39188427371525,1153.95,259.43,409450.83,99.36,-0.35,0.5,122.55,110.43,334.0,91.0
2020-08-01 00:00:00,9297.294767567631,14408.609639784756,118.94786924375316,106.54731672390736,42.5084039502632,79.21034785226205,0.0,137.5913119447524,140.36609875926257,170.2244746904812,139.72489882127493,187.51037379613604,1139.23,237.91,364558.38,99.65,-0.51,0.5,122.21,110.34,2026.0,699.0
2020-09-01 00:00:00,9418.932264526691,13237.592169060194,122.92096220140567,112.23038085880152,67.62649767683673,123.35628077442932,2.1351331020377176,139.98617925941534,143.9947615650318,165.72230503628614,141.5529345435331,172.27101835887896,1225.52,246.0,390257.58,99.54,-0.03,0.5,121.13,109.29,965.0,734.0
2020-10-01 00:00:00,8803.865823922684,11715.483765690326,137.6716116426479,129.70735980777465,97.93244937928239,114.63136344391478,78.94479614121892,141.78575915208134,147.13333252655352,147.61322216808904,132.30937517166646,152.4626452535342,1092.22,276.3,445143.7,99.59,-0.63,0.5,121.23,109.29,396.0,484.0
2020-11-01 00:00:00,8280.679792983005,10402.80723992982,329.3609656052895,391.6157101628005,746.0693163703414,269.47762568201364,1502.690621749786,140.27709082877774,145.60613671410428,133.18456741221732,124.44664552123544,135.37977104344193,1282.34,422.41,721779.43,99.55,-2.2,0.5,123.03,110.88,164.0,347.0
2020-12-01 00:00:00,8408.122289796942,11185.19722037007,163.87314509201752,167.29271946121833,99.3713516021134,139.3432922522465,39.58112196644855,145.40668835353463,152.69662626137335,138.04197973595052,126.36192199875177,145.5616165756868,1356.34,308.41,480103.72,99.7,-0.82,0.5,123.17,110.96,92.0,34.0
2021-01-01 00:00:00,9001.0,11812.289704692757,148.7874738113536,152.4394817902561,18.883728289033456,32.486201266454074,2.982110796842933,144.7460735266626,151.13983343167533,143.0483723903321,135.27201683198078,153.7224557600185,1337.16,276.47,452075.98,99.79,-1.53,0.5,123.03,110.01,69.0,17.0
2021-02-01 00:00:00,9148.0,11862.289703442757,135.9982528624313,132.31118532311874,29.60797940172749,55.17163971523148,0.0,148.91808708509058,156.9111578896826,144.38497857357257,137.48121430718365,154.3731443892344,1399.81,269.15,427957.63,98.88,-1.72,0.5,123.48,109.32,85.0,11.0
2021-03-01 00:00:00,9312.367813752642,11822.975763540484,113.6382249230204,103.4211682558136,73.21416101565237,136.42759131927932,0.0,156.77961442410103,167.5373975372252,145.19293600561562,139.95142491362552,153.86152170316208,1459.43,225.46,323746.47,99.11,-0.64,0.5,121.86,107.87,103.0,9.0
2021-04-01 00:00:00,9068.223031059233,11835.796272140125,105.15941563412903,90.83339618227083,67.32613162958306,125.4558113300661,0.0,148.82292665016084,156.20732389291993,144.2360847397115,136.282281801311,154.0283648906642,1926.82,208.4,327037.08,100.48,-0.71,0.5,119.75,107.29,185.0,105.0
2021-05-01 00:00:00,8741.803825163925,11432.627771347445,106.59916863191319,89.06665635017292,34.143568104406484,63.623275755821254,0.0,145.99383487399467,152.92656361048626,138.8700224052566,131.3766730562658,148.78162157701908,2065.38,200.03,319279.91,99.55,-0.11,0.5,119.17,105.45,155.0,76.0
2021-06-01 00:00:00,8473.607288159817,10796.812230079693,102.32939016995091,87.18811566993129,11.8937091748883,22.16279025904734,0.0,144.349601362097,151.335876673141,134.5294964857822,127.34606684941116,140.5072625105263,1703.3,228.44,389335.04,99.93,0.6,0.5,118.91,105.36,431.0,36.0
2021-07-01 00:00:00,8256.66479358338,10320.217241994567,110.34635988900992,94.14465754050167,6.697090486213591,12.479388020113344,0.0,134.0997066523945,137.52336011563492,130.37942997719728,124.08573479987048,134.30496356570305,1800.28,238.66,419580.15,99.81,0.73,0.5,115.8,102.27,526.0,511.0
2021-08-01 00:00:00,7507.705849845883,9902.761801944764,135.12968218153566,131.06869586416678,65.65116037143376,122.33466248251625,0.0,127.9866924766647,129.88631330648022,119.97923684867749,112.82996468058136,128.87229326899157,1845.97,298.32,591716.75,99.63,-2.33,0.5,114.27,100.64,661.0,384.0
2021-09-01 00:00:00,7442.004813949879,9812.609754684756,131.20421908961043,127.08024163907623,80.8471511024716,146.46019490042093,3.0969574417771937,128.56049665593153,131.94481576306984,116.72710424722169,111.84257309813465,127.69907499860865,1389.19,316.64,638405.3,101.21,-1.39,0.5,114.35,102.24,624.0,2054.0
2021-10-01 00:00:00,7586.444810338879,9725.377256865566,134.53653139625737,132.12827370241095,95.73186134936718,118.98260807190766,68.52782417384766,130.58500411167577,135.01772910793895,115.4856890580232,114.01329742018153,126.56385108164706,1429.45,369.52,773846.79,101.96,-2.23,0.5,113.69,101.78,421.0,1455.0
2021-11-01 00:00:00,7695.749846085003,9371.859812562803,313.128182349295,377.3870911116267,730.6040839523718,220.5513715762915,1562.742920621158,135.6130912014454,138.54994452729323,114.34978408238905,115.65599408002711,121.96325534188657,1521.51,396.3,782829.36,102.25,-0.07,0.5,115.54,103.22,195.0,502.0
2021-12-01 00:00:00,7788.449805288753,9951.807251204818,163.73197453180515,174.29189443253728,97.6029153217622,144.11374533694848,33.564618018145374,141.24696077978675,142.39128614135697,119.37737250204235,117.04914044617905,129.5105596079143,1674.32,436.03,850870.14,101.86,-0.85,0.5,114.41,101.61,84.0,101.0
2022-01-01 00:00:00,7934.2423016439425,11044.972223875693,146.58728305595778,150.79940762457153,19.44231784694109,33.50550271144441,3.0882214070005727,150.06812085527545,148.06141834598705,127.60950663344823,119.2401908873451,143.73676031505073,1319.26,241.79,465173.29,103.01,-0.62,0.5,115.54,102.98,60.0,45.0
2022-02-01 00:00:00,7850.6473037338155,11451.352213716193,133.04483761264933,128.5880420090802,24.145000520604214,44.99190071609983,0.0,148.49631022827086,148.07228673039765,129.4101889147505,117.98387892596658,149.02529721786604,1285.36,316.53,635919.24,104.1,1.66,0.5,117.56,105.55,109.0,21.0
2022-03-01 00:00:00,8191.694795207629,11657.664708558383,127.62329335415667,122.88705570062892,81.71237656818934,152.26320375082508,0.0,170.08439713631984,178.73369264136647,131.70906848721702,123.10932965445791,151.71020117416825,1515.17,346.48,646608.46,104.79,-0.69,0.5,117.14,104.74,103.0,37.0
2022-04-01 00:00:00,8490.786383640454,11770.91294096957,105.88388670155553,93.09254204887131,82.99140052587327,154.646542648189,0.0,164.58362073639276,170.41176989898955,133.73717935907584,127.60424381786076,153.18398795318816,1964.55,300.04,548585.81,105.15,-0.02,0.5,116.38,103.77,154.0,49.0
2022-05-01 00:00:00,8741.103825177923,12832.227743355445,116.88942461150616,104.91805552027719,39.65353528686549,73.89057296339904,0.0,159.65998522013325,161.53346572191452,140.0871975236412,131.36615306849902,166.99569777710147,2597.07,249.5,450972.95,106.62,0.87,0.5,116.33,104.67,331.0,682.0
2022-06-01 00:00:00,9094.11477264713,13934.059651648507,111.85533537697484,101.8357272855513,19.05776836180197,35.51232982053237,0.0,160.69429149825237,161.56489277499415,147.64899313514712,136.67139724447145,181.33468801624772,2191.51,385.39,766551.17,107.58,0.52,0.5,115.26,103.85,247.0,73.0
2022-07-01 00:00:00,9068.992273275193,13737.227156569319,112.81161934112922,98.27730549712813,17.22458585624954,32.09636943511334,0.0,158.35504347681456,156.5506797803282,146.96559730767632,136.2938423996873,178.77315462404488,1771.67,289.94,578139.44,107.41,2.25,0.5,112.66,101.03,903.0,463.0
2022-08-01 00:00:00,9057.837818843243,13633.011727339765,132.56308994158604,127.86506968142113,88.20961706588412,164.37019041878773,0.0,158.0808625406366,155.34019806489445,146.42551889654996,136.12620707609324,177.4169186943684,1491.83,344.12,687580.64,107.46,-0.52,0.75,114.34,102.48,1406.0,1318.0
2022-09-01 00:00:00,9220.40476948988,13629.177159270572,127.75248019896517,121.67691844627495,88.73615471563801,160.36695507167929,3.6575423768936375,153.12770738315436,149.23924742339756,147.54164540120257,138.56935331364414,177.3670164963093,1349.94,326.1,638706.08,107.7,-0.22,1,113.64,101.66,963.0,2750.0
2022-10-01 00:00:00,9180.003816399923,14140.607717187844,133.27815025230115,126.52330901735706,88.72703953758071,107.86969230989779,66.67338884870104,154.31460662678597,151.87182463645777,150.14065657428327,137.96218539825557,184.02265763610677,1325.74,380.54,796115.21,108.06,1.23,1,112.95,100.9,784.0,2336.0
2022-11-01 00:00:00,9218.189769545254,13468.51716328707,316.3599082144116,377.3119101648185,711.8709146533687,222.07378055340394,1513.044620515949,154.16550212082154,150.91829984212794,148.56129310314373,138.53606506680575,175.27622379291267,1380.69,379.68,710567.04,107.92,0.14,1.25,115.92,103.18,227.0,410.0
2022-12-01 00:00:00,9129.259771768504,12898.0,162.79824394228476,168.82478953432468,86.94489666563193,126.46347940858362,32.38601220290635,152.31118269439602,149.0633507810579,146.7450568040835,137.1995757704915,167.85164298882978,1548.84,417.75,785316.9,107.86,0.43,1.25,118.42,105.24,127.0,220.0
2023-01-01 00:00:00,9659.729758506755,13305.689667357758,153.28444117402046,157.8297438775508,14.683440520050608,25.211432389612536,2.369184847634949,152.83765737388407,149.876212889393,153.8522391032124,145.17177274581843,173.15722373743955,1359.33,413.05,805641.97,108.18,-0.56,1.5,121.91,107.75,98.0,111.0
2023-02-01 00:00:00,9749.46475626338,13347.0,138.40467992744954,133.72514307080345,24.188315989550063,45.07261495243293,0.0,155.10448273918232,154.80461186352912,154.62397822827964,146.52036002800395,173.69482702526835,1372.81,341.0,599695.49,108.05,-0.37,1.5,119.92,105.99,105.0,73.0
2023-03-01 00:00:00,9759.72725600682,13426.397164340071,123.40448163056776,114.52056812921272,87.27108862399662,162.62133237090305,0.0,155.69192025004457,157.40818001941668,154.9617387077824,146.67459056217044,174.7280836916612,1633.71,371.25,658572.6,107.76,0.68,1.75,119.2,104.7,79.0,61.0
2023-04-01 00:00:00,9898.926336702456,13363.77955454068,121.89852670948167,110.86877955527943,101.59210086559139,189.30716989565443,0.0,153.13844181276113,154.36020325870047,156.38601871767645,148.76655149838382,173.91319233758605,2694.6,317.54,568627.09,107.96,0.14,1.75,119.52,104.72,40.0,3.0
2023-05-01 00:00:00,9914.347801713044,13531.837729363246,108.072450994097,86.84925594721287,45.82305533794601,85.38688390227559,0.0,155.85164088914462,159.1620483685624,157.49974027595545,148.99831382195742,176.10026326033932,1788.06,460.81,850531.47,107.19,-1.07,2,120.63,104.79,108.0,121.0
2023-06-01 00:00:00,9958.562251035943,13834.787154130321,112.48685482473138,96.3219147134531,16.508282936553456,30.761607407748002,0.0,150.62707657729382,152.74667636054554,159.61159802698543,149.6627930723767,180.04277827737099,2067.94,327.64,572114.9,107.83,-0.17,2,119.32,103.99,163.0,13.0
2023-07-01 00:00:00,10482.710000000001,13995.073720098524,111.57525626216587,90.73629678926952,15.756171497939706,29.36011962792061,0.0,152.86854681659395,157.42578728764013,164.5787392071496,157.53997595431326,182.12871124735085,1668.17,345.35,606143.45,107.82,0.87,2,120.21,104.49,400.0,100.0
2023-08-01 00:00:00,11843.614703909632,14684.93713287657,137.40863420882852,129.7264894012286,79.87204800831313,148.83392737618613,0.0,153.48431163715674,159.0578392389074,179.40230370815536,177.9924061302921,191.10643703992923,1666.35,383.16,634513.05,108.41,0.97,2.25,120.44,104.98,1215.0,465.0
2023-09-01 00:00:00,13179.0,15034.0,133.11429321158,125.47003194481843,87.69452158921725,159.11743357521223,3.237232888289965,155.25848340956045,162.8065528628676,192.26385634401268,198.06131650135262,195.64906192386937,1778.35,493.72,807774.86,108.02,2.66,2.5,118.91,103.04,1138.0,1888.0
2023-10-01 00:00:00,12957.919740841602,14706.267705874647,142.6718160337377,134.42055285970875,97.96764300079673,118.49912688666441,74.25531886979098,155.44930159744322,164.27327733338763,189.79914393898744,194.73879983230546,191.38402827295923,1532.69,524.06,840513.12,107.72,1.49,2.5,117.73,101.44,742.0,2786.0
2023-11-01 00:00:00,10737.414731564631,13292.552167686197,318.3432401752119,374.21154566088154,715.6687448271712,232.56129233467857,1497.8736907598825,152.11063905196346,159.16337089820126,164.64181143299692,161.3678198311487,172.9862553001131,1552.53,637.49,1007417.11,107.45,0.56,2.5,119.82,103.02,263.0,788.0
2023-12-01 00:00:00,10285.472242863194,13580.182160495446,161.99670221825212,160.57052417931013,90.7952118524474,131.1492807787394,33.735413311841945,152.4156616630781,159.14573915215476,162.46984610715356,154.57577762042678,176.72940670854058,1393.99,532.27,817498.73,106.96,-0.44,2.5,120.09,102.64,117.0,202.0
2024-01-01 00:00:00,11323.674716908132,14044.15714889607,149.94772574670822,147.7410575758126,16.142549645183845,27.768708064602915,2.5726407389146546,158.61971332306422,168.41184084678454,170.72274246301225,170.17845982729386,182.76747184334968,1536.73,602.49,947741.66,106.98,-1.37,2.5,119.73,101.82,91.0,62.0
2024-02-01 00:00:00,11771.959705701005,14212.447144688818,134.07246165667942,122.51720403154931,29.55915468419682,55.080659520728815,0.0,163.32279402377551,175.11651852076997,175.6815615269855,176.9155351022093,184.9575596315646,1446.91,523.91,800224.55,107.22,0.79,2.5,118.51,100.71,85.0,27.0
2024-03-01 00:00:00,11292.507217687318,14225.694644357633,117.73607727991266,101.96976572281461,89.84326895964728,167.4143445800659,0.0,166.22700813838978,179.93680532596775,171.41583462920923,169.71005737432105,185.1299595838754,1576.87,484.76,716619.2,107.25,0.1,2.5,118.11,100.22,75.0,14.0
2024-04-01 00:00:00,10454.0,13995.054650123633,113.57270533966887,99.71342316643039,94.94527229219145,176.92144014608797,0.0,174.30352866344882,190.58332700961108,165.62364264200124,157.10850616170728,182.12846307502824,2483.51,608.1,933559.24,108.16,-0.92,2.5,116.8,99.56,54.0,4.0
2024-05-01 00:00:00,10801.292229967696,14424.324639391882,116.37006187616035,99.46559624405712,36.316727138569824,67.67274990770359,0.0,165.03065166928835,176.42197256664164,171.09071771826694,162.32780628145022,187.71488523229857,2609.5,440.27,659566.18,108.84,-0.38,2.5,117.21,100.29,200.0,143.0
2024-06-01 00:00:00,11125.917221852069,14942.227126444322,106.66315405120925,89.77688054519479,13.389789542395809,24.950593030091532,0.0,171.02315916035042,184.94332021107755,176.26744520113564,167.20645058389047,194.45475058814858,2014.84,644.26,1022552.64,108.5,1.03,2.5,117.55,100.07,489.0,157.0
2024-07-01 00:00:00,10954.205780915883,15008.641699827163,111.15432759730864,90.10044411245168,10.374034851484943,19.331022406277008,0.0,164.84289303995183,176.39965093962792,175.17491524278452,164.6258758779063,195.31905476404498,1711.77,399.12,604579.55,108.71,-0.23,2.5,118.81,101.04,866.0,396.0
2024-08-01 00:00:00,10761.532230961695,15211.289619717758,137.53569768865373,130.01307798440175,76.12895273793278,141.85902710098657,0.0,163.93462428412855,174.74178492302033,174.82546992228922,161.7302709792861,197.9562687741167,2014.89,561.81,885387.32,108.79,0.4,2.5,121.51,103.27,3003.0,1194.0
2024-09-01 00:00:00,10601.659787966804,15509.581689808367,130.18305780828172,120.58927290978521,88.13286547116995,159.62680500446947,3.412821434511995,166.82953088101598,178.43580049052267,174.70355874284368,159.3276192961648,201.83817403502908,1810.37,568.81,878710.53,108.68,0.53,2.5,125.2,106.42,1797.0,2197.0
2024-10-01 00:00:00,9616.647259583817,15685.554607861133,138.52966166917597,128.0504083448143,86.97821975676548,106.3574584059775,64.50816602571857,168.38318600897836,180.74370901149862,167.95941542580968,144.52430507339673,204.12824562881846,1711.96,577.13,901355.34,108.61,0.1,2.25,126.65,107.29,749.0,2390.0
